Workbook

Sheet 武器表
A1: 输入列（手工填） | U1: 计算列（自动，勿改） | AE1: 中间量（推导用，可折叠）
A2: 武器名 | B2: 简介 | C2: 远程?(是/否) | D2: 持握(单手/双手/双持) | E2: 伤害下限 | F2: 伤害上限 | G2: 穿透(0~1) | H2: 伤害类型(锐/钝) | I2: 冷却(秒) | J2: 连发数 | K2: 连发内间隔(秒) | L2: 误差角(°) | M2: 最大射程 | N2: 满伤射程 | O2: 末端系数(0~1) | P2: 枪托伤下 | Q2: 枪托伤上 | R2: 枪托间隔 | S2: 枪托穿透 | T2: 备注 | U2: 有效冷却(秒) | V2: 循环时长(秒) | W2: 有效攻速(发/秒) | X2: 平均伤害(裸) | Y2: 裸DPS | Z2: 距离衰减系数 | AA2: 命中率 | AB2: 单层期望伤害 | AC2: 多层期望伤害 | AD2: 期望DPS | AE2: 单层·适用防御 | AF2: 单层·Dm | AG2: 多层外·适用防御 | AH2: 多层外·Dm | AI2: 多层外·E | AJ2: 多层内·适用防御 | AK2: 多层内·Dm
A3: 匕首 | B3: 近战锐器，穿透9%，可双持 | C3: 否 | D3: 单手 | E3: 4 | F3: 10 | G3: 0.09 | H3: 锐 | I3: 1.4 | J3: 1 | T3: 可双持 | U3: =IF($I3>0,$I3/IF($D3="双手",1.15,IF($D3="双持",1.4,1)),0) | V3: =$U3+((IF($J3="",1,$J3))-1)*(IF($K3="",0,$K3)) | W3: =IF($V3>0,(IF($J3="",1,$J3))/$V3,0) | X3: =($E3+$F3)/2 | Y3: =$X3*$W3 | Z3: =IF(NOT(($C3="是")),1,IF($M3<=0,1,IF('参数区'!$B$13>$M3,0,IF(OR('参数区'!$B$13<=$N3,$M3<=$N3),1,1-('参数区'!$B$13-$N3)/($M3-$N3)*(1-$O3))))) | AA3: =IF(NOT(($C3="是")),1,IF((IF($D3="双持",$L3*1.25,$L3))<=0,1,MIN(1,DEGREES(ATAN(('参数区'!$B$14/2)/'参数区'!$B$13))/(IF($D3="双持",$L3*1.25,$L3))))) | AB3: =IF(($AF3)<=0,(($E3)+($F3))/2,IF(($F3)<=($E3),IF(($AF3)<=0,($E3),IF(($E3)>=($AF3),($E3),IF(($E3)>=($AF3)/2,($E3)*(($E3)+($AF3))/(2*($AF3)),3*($E3)^2/(2*($AF3))))),(IF(MIN($F3,($AF3)/2)>($E3),((MIN($F3,($AF3)/2))^3-(($E3))^3)/(2*($AF3)),0)+IF(MIN($F3,($AF3))>MAX($E3,($AF3)/2),((MIN($F3,($AF3)))^3-(MAX($E3,($AF3)/2))^3)/(6*($AF3))+((MIN($F3,($AF3)))^2-(MAX($E3,($AF3)/2))^2)/4,0)+IF(($F3)>MAX($E3,($AF3)),((($F3))^2-(MAX($E3,($AF3)))^2)/2,0))/(($F3)-($E3)))) | AC3: =IF(($AK3)<=0,((0)+($AI3))/2,IF(($AI3)<=(0),IF(($AK3)<=0,(0),IF((0)>=($AK3),(0),IF((0)>=($AK3)/2,(0)*((0)+($AK3))/(2*($AK3)),3*(0)^2/(2*($AK3))))),(IF(MIN($AI3,($AK3)/2)>(0),((MIN($AI3,($AK3)/2))^3-((0))^3)/(2*($AK3)),0)+IF(MIN($AI3,($AK3))>MAX(0,($AK3)/2),((MIN($AI3,($AK3)))^3-(MAX(0,($AK3)/2))^3)/(6*($AK3))+((MIN($AI3,($AK3)))^2-(MAX(0,($AK3)/2))^2)/4,0)+IF(($AI3)>MAX(0,($AK3)),((($AI3))^2-(MAX(0,($AK3)))^2)/2,0))/(($AI3)-(0)))) | AD3: =$AC3*$W3*$AA3*$Z3 | AE3: =IF(($H3="锐"),'参数区'!$B$4,'参数区'!$B$5) | AF3: =$AE3*(1-$G3) | AG3: =IF(($H3="锐"),'参数区'!$B$7,'参数区'!$B$8) | AH3: =$AG3*(1-$G3) | AI3: =IF(($AH3)<=0,(($E3)+($F3))/2,IF(($F3)<=($E3),IF(($AH3)<=0,($E3),IF(($E3)>=($AH3),($E3),IF(($E3)>=($AH3)/2,($E3)*(($E3)+($AH3))/(2*($AH3)),3*($E3)^2/(2*($AH3))))),(IF(MIN($F3,($AH3)/2)>($E3),((MIN($F3,($AH3)/2))^3-(($E3))^3)/(2*($AH3)),0)+IF(MIN($F3,($AH3))>MAX($E3,($AH3)/2),((MIN($F3,($AH3)))^3-(MAX($E3,($AH3)/2))^3)/(6*($AH3))+((MIN($F3,($AH3)))^2-(MAX($E3,($AH3)/2))^2)/4,0)+IF(($F3)>MAX($E3,($AH3)),((($F3))^2-(MAX($E3,($AH3)))^2)/2,0))/(($F3)-($E3)))) | AJ3: =IF(($H3="锐"),'参数区'!$B$9,'参数区'!$B$10) | AK3: =$AJ3*(1-$G3)
A4: 短剑 | B4: 近战锐器，穿透12% | C4: 否 | D4: 单手 | E4: 6 | F4: 20 | G4: 0.12 | H4: 锐 | I4: 2.4 | J4: 1 | U4: =IF($I4>0,$I4/IF($D4="双手",1.15,IF($D4="双持",1.4,1)),0) | V4: =$U4+((IF($J4="",1,$J4))-1)*(IF($K4="",0,$K4)) | W4: =IF($V4>0,(IF($J4="",1,$J4))/$V4,0) | X4: =($E4+$F4)/2 | Y4: =$X4*$W4 | Z4: =IF(NOT(($C4="是")),1,IF($M4<=0,1,IF('参数区'!$B$13>$M4,0,IF(OR('参数区'!$B$13<=$N4,$M4<=$N4),1,1-('参数区'!$B$13-$N4)/($M4-$N4)*(1-$O4))))) | AA4: =IF(NOT(($C4="是")),1,IF((IF($D4="双持",$L4*1.25,$L4))<=0,1,MIN(1,DEGREES(ATAN(('参数区'!$B$14/2)/'参数区'!$B$13))/(IF($D4="双持",$L4*1.25,$L4))))) | AB4: =IF(($AF4)<=0,(($E4)+($F4))/2,IF(($F4)<=($E4),IF(($AF4)<=0,($E4),IF(($E4)>=($AF4),($E4),IF(($E4)>=($AF4)/2,($E4)*(($E4)+($AF4))/(2*($AF4)),3*($E4)^2/(2*($AF4))))),(IF(MIN($F4,($AF4)/2)>($E4),((MIN($F4,($AF4)/2))^3-(($E4))^3)/(2*($AF4)),0)+IF(MIN($F4,($AF4))>MAX($E4,($AF4)/2),((MIN($F4,($AF4)))^3-(MAX($E4,($AF4)/2))^3)/(6*($AF4))+((MIN($F4,($AF4)))^2-(MAX($E4,($AF4)/2))^2)/4,0)+IF(($F4)>MAX($E4,($AF4)),((($F4))^2-(MAX($E4,($AF4)))^2)/2,0))/(($F4)-($E4)))) | AC4: =IF(($AK4)<=0,((0)+($AI4))/2,IF(($AI4)<=(0),IF(($AK4)<=0,(0),IF((0)>=($AK4),(0),IF((0)>=($AK4)/2,(0)*((0)+($AK4))/(2*($AK4)),3*(0)^2/(2*($AK4))))),(IF(MIN($AI4,($AK4)/2)>(0),((MIN($AI4,($AK4)/2))^3-((0))^3)/(2*($AK4)),0)+IF(MIN($AI4,($AK4))>MAX(0,($AK4)/2),((MIN($AI4,($AK4)))^3-(MAX(0,($AK4)/2))^3)/(6*($AK4))+((MIN($AI4,($AK4)))^2-(MAX(0,($AK4)/2))^2)/4,0)+IF(($AI4)>MAX(0,($AK4)),((($AI4))^2-(MAX(0,($AK4)))^2)/2,0))/(($AI4)-(0)))) | AD4: =$AC4*$W4*$AA4*$Z4 | AE4: =IF(($H4="锐"),'参数区'!$B$4,'参数区'!$B$5) | AF4: =$AE4*(1-$G4) | AG4: =IF(($H4="锐"),'参数区'!$B$7,'参数区'!$B$8) | AH4: =$AG4*(1-$G4) | AI4: =IF(($AH4)<=0,(($E4)+($F4))/2,IF(($F4)<=($E4),IF(($AH4)<=0,($E4),IF(($E4)>=($AH4),($E4),IF(($E4)>=($AH4)/2,($E4)*(($E4)+($AH4))/(2*($AH4)),3*($E4)^2/(2*($AH4))))),(IF(MIN($F4,($AH4)/2)>($E4),((MIN($F4,($AH4)/2))^3-(($E4))^3)/(2*($AH4)),0)+IF(MIN($F4,($AH4))>MAX($E4,($AH4)/2),((MIN($F4,($AH4)))^3-(MAX($E4,($AH4)/2))^3)/(6*($AH4))+((MIN($F4,($AH4)))^2-(MAX($E4,($AH4)/2))^2)/4,0)+IF(($F4)>MAX($E4,($AH4)),((($F4))^2-(MAX($E4,($AH4)))^2)/2,0))/(($F4)-($E4)))) | AJ4: =IF(($H4="锐"),'参数区'!$B$9,'参数区'!$B$10) | AK4: =$AJ4*(1-$G4)
A5: 刺剑 | B5: 单手突刺，区间窄穿透略高，可双持 | C5: 否 | D5: 单手 | E5: 7 | F5: 18 | G5: 0.15 | H5: 锐 | I5: 1.9 | J5: 1 | T5: 可双持 | U5: =IF($I5>0,$I5/IF($D5="双手",1.15,IF($D5="双持",1.4,1)),0) | V5: =$U5+((IF($J5="",1,$J5))-1)*(IF($K5="",0,$K5)) | W5: =IF($V5>0,(IF($J5="",1,$J5))/$V5,0) | X5: =($E5+$F5)/2 | Y5: =$X5*$W5 | Z5: =IF(NOT(($C5="是")),1,IF($M5<=0,1,IF('参数区'!$B$13>$M5,0,IF(OR('参数区'!$B$13<=$N5,$M5<=$N5),1,1-('参数区'!$B$13-$N5)/($M5-$N5)*(1-$O5))))) | AA5: =IF(NOT(($C5="是")),1,IF((IF($D5="双持",$L5*1.25,$L5))<=0,1,MIN(1,DEGREES(ATAN(('参数区'!$B$14/2)/'参数区'!$B$13))/(IF($D5="双持",$L5*1.25,$L5))))) | AB5: =IF(($AF5)<=0,(($E5)+($F5))/2,IF(($F5)<=($E5),IF(($AF5)<=0,($E5),IF(($E5)>=($AF5),($E5),IF(($E5)>=($AF5)/2,($E5)*(($E5)+($AF5))/(2*($AF5)),3*($E5)^2/(2*($AF5))))),(IF(MIN($F5,($AF5)/2)>($E5),((MIN($F5,($AF5)/2))^3-(($E5))^3)/(2*($AF5)),0)+IF(MIN($F5,($AF5))>MAX($E5,($AF5)/2),((MIN($F5,($AF5)))^3-(MAX($E5,($AF5)/2))^3)/(6*($AF5))+((MIN($F5,($AF5)))^2-(MAX($E5,($AF5)/2))^2)/4,0)+IF(($F5)>MAX($E5,($AF5)),((($F5))^2-(MAX($E5,($AF5)))^2)/2,0))/(($F5)-($E5)))) | AC5: =IF(($AK5)<=0,((0)+($AI5))/2,IF(($AI5)<=(0),IF(($AK5)<=0,(0),IF((0)>=($AK5),(0),IF((0)>=($AK5)/2,(0)*((0)+($AK5))/(2*($AK5)),3*(0)^2/(2*($AK5))))),(IF(MIN($AI5,($AK5)/2)>(0),((MIN($AI5,($AK5)/2))^3-((0))^3)/(2*($AK5)),0)+IF(MIN($AI5,($AK5))>MAX(0,($AK5)/2),((MIN($AI5,($AK5)))^3-(MAX(0,($AK5)/2))^3)/(6*($AK5))+((MIN($AI5,($AK5)))^2-(MAX(0,($AK5)/2))^2)/4,0)+IF(($AI5)>MAX(0,($AK5)),((($AI5))^2-(MAX(0,($AK5)))^2)/2,0))/(($AI5)-(0)))) | AD5: =$AC5*$W5*$AA5*$Z5 | AE5: =IF(($H5="锐"),'参数区'!$B$4,'参数区'!$B$5) | AF5: =$AE5*(1-$G5) | AG5: =IF(($H5="锐"),'参数区'!$B$7,'参数区'!$B$8) | AH5: =$AG5*(1-$G5) | AI5: =IF(($AH5)<=0,(($E5)+($F5))/2,IF(($F5)<=($E5),IF(($AH5)<=0,($E5),IF(($E5)>=($AH5),($E5),IF(($E5)>=($AH5)/2,($E5)*(($E5)+($AH5))/(2*($AH5)),3*($E5)^2/(2*($AH5))))),(IF(MIN($F5,($AH5)/2)>($E5),((MIN($F5,($AH5)/2))^3-(($E5))^3)/(2*($AH5)),0)+IF(MIN($F5,($AH5))>MAX($E5,($AH5)/2),((MIN($F5,($AH5)))^3-(MAX($E5,($AH5)/2))^3)/(6*($AH5))+((MIN($F5,($AH5)))^2-(MAX($E5,($AH5)/2))^2)/4,0)+IF(($F5)>MAX($E5,($AH5)),((($F5))^2-(MAX($E5,($AH5)))^2)/2,0))/(($F5)-($E5)))) | AJ5: =IF(($H5="锐"),'参数区'!$B$9,'参数区'!$B$10) | AK5: =$AJ5*(1-$G5)
A6: 长剑 | B6: 近战锐器，穿透18%，双手 | C6: 否 | D6: 双手 | E6: 10 | F6: 30 | G6: 0.18 | H6: 锐 | I6: 3.6 | J6: 1 | U6: =IF($I6>0,$I6/IF($D6="双手",1.15,IF($D6="双持",1.4,1)),0) | V6: =$U6+((IF($J6="",1,$J6))-1)*(IF($K6="",0,$K6)) | W6: =IF($V6>0,(IF($J6="",1,$J6))/$V6,0) | X6: =($E6+$F6)/2 | Y6: =$X6*$W6 | Z6: =IF(NOT(($C6="是")),1,IF($M6<=0,1,IF('参数区'!$B$13>$M6,0,IF(OR('参数区'!$B$13<=$N6,$M6<=$N6),1,1-('参数区'!$B$13-$N6)/($M6-$N6)*(1-$O6))))) | AA6: =IF(NOT(($C6="是")),1,IF((IF($D6="双持",$L6*1.25,$L6))<=0,1,MIN(1,DEGREES(ATAN(('参数区'!$B$14/2)/'参数区'!$B$13))/(IF($D6="双持",$L6*1.25,$L6))))) | AB6: =IF(($AF6)<=0,(($E6)+($F6))/2,IF(($F6)<=($E6),IF(($AF6)<=0,($E6),IF(($E6)>=($AF6),($E6),IF(($E6)>=($AF6)/2,($E6)*(($E6)+($AF6))/(2*($AF6)),3*($E6)^2/(2*($AF6))))),(IF(MIN($F6,($AF6)/2)>($E6),((MIN($F6,($AF6)/2))^3-(($E6))^3)/(2*($AF6)),0)+IF(MIN($F6,($AF6))>MAX($E6,($AF6)/2),((MIN($F6,($AF6)))^3-(MAX($E6,($AF6)/2))^3)/(6*($AF6))+((MIN($F6,($AF6)))^2-(MAX($E6,($AF6)/2))^2)/4,0)+IF(($F6)>MAX($E6,($AF6)),((($F6))^2-(MAX($E6,($AF6)))^2)/2,0))/(($F6)-($E6)))) | AC6: =IF(($AK6)<=0,((0)+($AI6))/2,IF(($AI6)<=(0),IF(($AK6)<=0,(0),IF((0)>=($AK6),(0),IF((0)>=($AK6)/2,(0)*((0)+($AK6))/(2*($AK6)),3*(0)^2/(2*($AK6))))),(IF(MIN($AI6,($AK6)/2)>(0),((MIN($AI6,($AK6)/2))^3-((0))^3)/(2*($AK6)),0)+IF(MIN($AI6,($AK6))>MAX(0,($AK6)/2),((MIN($AI6,($AK6)))^3-(MAX(0,($AK6)/2))^3)/(6*($AK6))+((MIN($AI6,($AK6)))^2-(MAX(0,($AK6)/2))^2)/4,0)+IF(($AI6)>MAX(0,($AK6)),((($AI6))^2-(MAX(0,($AK6)))^2)/2,0))/(($AI6)-(0)))) | AD6: =$AC6*$W6*$AA6*$Z6 | AE6: =IF(($H6="锐"),'参数区'!$B$4,'参数区'!$B$5) | AF6: =$AE6*(1-$G6) | AG6: =IF(($H6="锐"),'参数区'!$B$7,'参数区'!$B$8) | AH6: =$AG6*(1-$G6) | AI6: =IF(($AH6)<=0,(($E6)+($F6))/2,IF(($F6)<=($E6),IF(($AH6)<=0,($E6),IF(($E6)>=($AH6),($E6),IF(($E6)>=($AH6)/2,($E6)*(($E6)+($AH6))/(2*($AH6)),3*($E6)^2/(2*($AH6))))),(IF(MIN($F6,($AH6)/2)>($E6),((MIN($F6,($AH6)/2))^3-(($E6))^3)/(2*($AH6)),0)+IF(MIN($F6,($AH6))>MAX($E6,($AH6)/2),((MIN($F6,($AH6)))^3-(MAX($E6,($AH6)/2))^3)/(6*($AH6))+((MIN($F6,($AH6)))^2-(MAX($E6,($AH6)/2))^2)/4,0)+IF(($F6)>MAX($E6,($AH6)),((($F6))^2-(MAX($E6,($AH6)))^2)/2,0))/(($F6)-($E6)))) | AJ6: =IF(($H6="锐"),'参数区'!$B$9,'参数区'!$B$10) | AK6: =$AJ6*(1-$G6)
A7: 草叉 | B7: 双手农具多齿突刺 | C7: 否 | D7: 双手 | E7: 9 | F7: 26 | G7: 0.16 | H7: 锐 | I7: 3.7 | J7: 1 | U7: =IF($I7>0,$I7/IF($D7="双手",1.15,IF($D7="双持",1.4,1)),0) | V7: =$U7+((IF($J7="",1,$J7))-1)*(IF($K7="",0,$K7)) | W7: =IF($V7>0,(IF($J7="",1,$J7))/$V7,0) | X7: =($E7+$F7)/2 | Y7: =$X7*$W7 | Z7: =IF(NOT(($C7="是")),1,IF($M7<=0,1,IF('参数区'!$B$13>$M7,0,IF(OR('参数区'!$B$13<=$N7,$M7<=$N7),1,1-('参数区'!$B$13-$N7)/($M7-$N7)*(1-$O7))))) | AA7: =IF(NOT(($C7="是")),1,IF((IF($D7="双持",$L7*1.25,$L7))<=0,1,MIN(1,DEGREES(ATAN(('参数区'!$B$14/2)/'参数区'!$B$13))/(IF($D7="双持",$L7*1.25,$L7))))) | AB7: =IF(($AF7)<=0,(($E7)+($F7))/2,IF(($F7)<=($E7),IF(($AF7)<=0,($E7),IF(($E7)>=($AF7),($E7),IF(($E7)>=($AF7)/2,($E7)*(($E7)+($AF7))/(2*($AF7)),3*($E7)^2/(2*($AF7))))),(IF(MIN($F7,($AF7)/2)>($E7),((MIN($F7,($AF7)/2))^3-(($E7))^3)/(2*($AF7)),0)+IF(MIN($F7,($AF7))>MAX($E7,($AF7)/2),((MIN($F7,($AF7)))^3-(MAX($E7,($AF7)/2))^3)/(6*($AF7))+((MIN($F7,($AF7)))^2-(MAX($E7,($AF7)/2))^2)/4,0)+IF(($F7)>MAX($E7,($AF7)),((($F7))^2-(MAX($E7,($AF7)))^2)/2,0))/(($F7)-($E7)))) | AC7: =IF(($AK7)<=0,((0)+($AI7))/2,IF(($AI7)<=(0),IF(($AK7)<=0,(0),IF((0)>=($AK7),(0),IF((0)>=($AK7)/2,(0)*((0)+($AK7))/(2*($AK7)),3*(0)^2/(2*($AK7))))),(IF(MIN($AI7,($AK7)/2)>(0),((MIN($AI7,($AK7)/2))^3-((0))^3)/(2*($AK7)),0)+IF(MIN($AI7,($AK7))>MAX(0,($AK7)/2),((MIN($AI7,($AK7)))^3-(MAX(0,($AK7)/2))^3)/(6*($AK7))+((MIN($AI7,($AK7)))^2-(MAX(0,($AK7)/2))^2)/4,0)+IF(($AI7)>MAX(0,($AK7)),((($AI7))^2-(MAX(0,($AK7)))^2)/2,0))/(($AI7)-(0)))) | AD7: =$AC7*$W7*$AA7*$Z7 | AE7: =IF(($H7="锐"),'参数区'!$B$4,'参数区'!$B$5) | AF7: =$AE7*(1-$G7) | AG7: =IF(($H7="锐"),'参数区'!$B$7,'参数区'!$B$8) | AH7: =$AG7*(1-$G7) | AI7: =IF(($AH7)<=0,(($E7)+($F7))/2,IF(($F7)<=($E7),IF(($AH7)<=0,($E7),IF(($E7)>=($AH7),($E7),IF(($E7)>=($AH7)/2,($E7)*(($E7)+($AH7))/(2*($AH7)),3*($E7)^2/(2*($AH7))))),(IF(MIN($F7,($AH7)/2)>($E7),((MIN($F7,($AH7)/2))^3-(($E7))^3)/(2*($AH7)),0)+IF(MIN($F7,($AH7))>MAX($E7,($AH7)/2),((MIN($F7,($AH7)))^3-(MAX($E7,($AH7)/2))^3)/(6*($AH7))+((MIN($F7,($AH7)))^2-(MAX($E7,($AH7)/2))^2)/4,0)+IF(($F7)>MAX($E7,($AH7)),((($F7))^2-(MAX($E7,($AH7)))^2)/2,0))/(($F7)-($E7)))) | AJ7: =IF(($H7="锐"),'参数区'!$B$9,'参数区'!$B$10) | AK7: =$AJ7*(1-$G7)
A8: 重剑 | B8: 近战锐器，穿透24%，双手 | C8: 否 | D8: 双手 | E8: 14 | F8: 40 | G8: 0.24 | H8: 锐 | I8: 4 | J8: 1 | U8: =IF($I8>0,$I8/IF($D8="双手",1.15,IF($D8="双持",1.4,1)),0) | V8: =$U8+((IF($J8="",1,$J8))-1)*(IF($K8="",0,$K8)) | W8: =IF($V8>0,(IF($J8="",1,$J8))/$V8,0) | X8: =($E8+$F8)/2 | Y8: =$X8*$W8 | Z8: =IF(NOT(($C8="是")),1,IF($M8<=0,1,IF('参数区'!$B$13>$M8,0,IF(OR('参数区'!$B$13<=$N8,$M8<=$N8),1,1-('参数区'!$B$13-$N8)/($M8-$N8)*(1-$O8))))) | AA8: =IF(NOT(($C8="是")),1,IF((IF($D8="双持",$L8*1.25,$L8))<=0,1,MIN(1,DEGREES(ATAN(('参数区'!$B$14/2)/'参数区'!$B$13))/(IF($D8="双持",$L8*1.25,$L8))))) | AB8: =IF(($AF8)<=0,(($E8)+($F8))/2,IF(($F8)<=($E8),IF(($AF8)<=0,($E8),IF(($E8)>=($AF8),($E8),IF(($E8)>=($AF8)/2,($E8)*(($E8)+($AF8))/(2*($AF8)),3*($E8)^2/(2*($AF8))))),(IF(MIN($F8,($AF8)/2)>($E8),((MIN($F8,($AF8)/2))^3-(($E8))^3)/(2*($AF8)),0)+IF(MIN($F8,($AF8))>MAX($E8,($AF8)/2),((MIN($F8,($AF8)))^3-(MAX($E8,($AF8)/2))^3)/(6*($AF8))+((MIN($F8,($AF8)))^2-(MAX($E8,($AF8)/2))^2)/4,0)+IF(($F8)>MAX($E8,($AF8)),((($F8))^2-(MAX($E8,($AF8)))^2)/2,0))/(($F8)-($E8)))) | AC8: =IF(($AK8)<=0,((0)+($AI8))/2,IF(($AI8)<=(0),IF(($AK8)<=0,(0),IF((0)>=($AK8),(0),IF((0)>=($AK8)/2,(0)*((0)+($AK8))/(2*($AK8)),3*(0)^2/(2*($AK8))))),(IF(MIN($AI8,($AK8)/2)>(0),((MIN($AI8,($AK8)/2))^3-((0))^3)/(2*($AK8)),0)+IF(MIN($AI8,($AK8))>MAX(0,($AK8)/2),((MIN($AI8,($AK8)))^3-(MAX(0,($AK8)/2))^3)/(6*($AK8))+((MIN($AI8,($AK8)))^2-(MAX(0,($AK8)/2))^2)/4,0)+IF(($AI8)>MAX(0,($AK8)),((($AI8))^2-(MAX(0,($AK8)))^2)/2,0))/(($AI8)-(0)))) | AD8: =$AC8*$W8*$AA8*$Z8 | AE8: =IF(($H8="锐"),'参数区'!$B$4,'参数区'!$B$5) | AF8: =$AE8*(1-$G8) | AG8: =IF(($H8="锐"),'参数区'!$B$7,'参数区'!$B$8) | AH8: =$AG8*(1-$G8) | AI8: =IF(($AH8)<=0,(($E8)+($F8))/2,IF(($F8)<=($E8),IF(($AH8)<=0,($E8),IF(($E8)>=($AH8),($E8),IF(($E8)>=($AH8)/2,($E8)*(($E8)+($AH8))/(2*($AH8)),3*($E8)^2/(2*($AH8))))),(IF(MIN($F8,($AH8)/2)>($E8),((MIN($F8,($AH8)/2))^3-(($E8))^3)/(2*($AH8)),0)+IF(MIN($F8,($AH8))>MAX($E8,($AH8)/2),((MIN($F8,($AH8)))^3-(MAX($E8,($AH8)/2))^3)/(6*($AH8))+((MIN($F8,($AH8)))^2-(MAX($E8,($AH8)/2))^2)/4,0)+IF(($F8)>MAX($E8,($AH8)),((($F8))^2-(MAX($E8,($AH8)))^2)/2,0))/(($F8)-($E8)))) | AJ8: =IF(($H8="锐"),'参数区'!$B$9,'参数区'!$B$10) | AK8: =$AJ8*(1-$G8)
A9: 棍棒 | B9: 近战钝器，穿透3% | C9: 否 | D9: 单手 | E9: 7 | F9: 9 | G9: 0.03 | H9: 钝 | I9: 2.4 | J9: 1 | U9: =IF($I9>0,$I9/IF($D9="双手",1.15,IF($D9="双持",1.4,1)),0) | V9: =$U9+((IF($J9="",1,$J9))-1)*(IF($K9="",0,$K9)) | W9: =IF($V9>0,(IF($J9="",1,$J9))/$V9,0) | X9: =($E9+$F9)/2 | Y9: =$X9*$W9 | Z9: =IF(NOT(($C9="是")),1,IF($M9<=0,1,IF('参数区'!$B$13>$M9,0,IF(OR('参数区'!$B$13<=$N9,$M9<=$N9),1,1-('参数区'!$B$13-$N9)/($M9-$N9)*(1-$O9))))) | AA9: =IF(NOT(($C9="是")),1,IF((IF($D9="双持",$L9*1.25,$L9))<=0,1,MIN(1,DEGREES(ATAN(('参数区'!$B$14/2)/'参数区'!$B$13))/(IF($D9="双持",$L9*1.25,$L9))))) | AB9: =IF(($AF9)<=0,(($E9)+($F9))/2,IF(($F9)<=($E9),IF(($AF9)<=0,($E9),IF(($E9)>=($AF9),($E9),IF(($E9)>=($AF9)/2,($E9)*(($E9)+($AF9))/(2*($AF9)),3*($E9)^2/(2*($AF9))))),(IF(MIN($F9,($AF9)/2)>($E9),((MIN($F9,($AF9)/2))^3-(($E9))^3)/(2*($AF9)),0)+IF(MIN($F9,($AF9))>MAX($E9,($AF9)/2),((MIN($F9,($AF9)))^3-(MAX($E9,($AF9)/2))^3)/(6*($AF9))+((MIN($F9,($AF9)))^2-(MAX($E9,($AF9)/2))^2)/4,0)+IF(($F9)>MAX($E9,($AF9)),((($F9))^2-(MAX($E9,($AF9)))^2)/2,0))/(($F9)-($E9)))) | AC9: =IF(($AK9)<=0,((0)+($AI9))/2,IF(($AI9)<=(0),IF(($AK9)<=0,(0),IF((0)>=($AK9),(0),IF((0)>=($AK9)/2,(0)*((0)+($AK9))/(2*($AK9)),3*(0)^2/(2*($AK9))))),(IF(MIN($AI9,($AK9)/2)>(0),((MIN($AI9,($AK9)/2))^3-((0))^3)/(2*($AK9)),0)+IF(MIN($AI9,($AK9))>MAX(0,($AK9)/2),((MIN($AI9,($AK9)))^3-(MAX(0,($AK9)/2))^3)/(6*($AK9))+((MIN($AI9,($AK9)))^2-(MAX(0,($AK9)/2))^2)/4,0)+IF(($AI9)>MAX(0,($AK9)),((($AI9))^2-(MAX(0,($AK9)))^2)/2,0))/(($AI9)-(0)))) | AD9: =$AC9*$W9*$AA9*$Z9 | AE9: =IF(($H9="锐"),'参数区'!$B$4,'参数区'!$B$5) | AF9: =$AE9*(1-$G9) | AG9: =IF(($H9="锐"),'参数区'!$B$7,'参数区'!$B$8) | AH9: =$AG9*(1-$G9) | AI9: =IF(($AH9)<=0,(($E9)+($F9))/2,IF(($F9)<=($E9),IF(($AH9)<=0,($E9),IF(($E9)>=($AH9),($E9),IF(($E9)>=($AH9)/2,($E9)*(($E9)+($AH9))/(2*($AH9)),3*($E9)^2/(2*($AH9))))),(IF(MIN($F9,($AH9)/2)>($E9),((MIN($F9,($AH9)/2))^3-(($E9))^3)/(2*($AH9)),0)+IF(MIN($F9,($AH9))>MAX($E9,($AH9)/2),((MIN($F9,($AH9)))^3-(MAX($E9,($AH9)/2))^3)/(6*($AH9))+((MIN($F9,($AH9)))^2-(MAX($E9,($AH9)/2))^2)/4,0)+IF(($F9)>MAX($E9,($AH9)),((($F9))^2-(MAX($E9,($AH9)))^2)/2,0))/(($F9)-($E9)))) | AJ9: =IF(($H9="锐"),'参数区'!$B$9,'参数区'!$B$10) | AK9: =$AJ9*(1-$G9)
A10: 尖头锤 | B10: 近战钝器，穿透5% | C10: 否 | D10: 单手 | E10: 12 | F10: 16 | G10: 0.05 | H10: 钝 | I10: 3.7 | J10: 1 | U10: =IF($I10>0,$I10/IF($D10="双手",1.15,IF($D10="双持",1.4,1)),0) | V10: =$U10+((IF($J10="",1,$J10))-1)*(IF($K10="",0,$K10)) | W10: =IF($V10>0,(IF($J10="",1,$J10))/$V10,0) | X10: =($E10+$F10)/2 | Y10: =$X10*$W10 | Z10: =IF(NOT(($C10="是")),1,IF($M10<=0,1,IF('参数区'!$B$13>$M10,0,IF(OR('参数区'!$B$13<=$N10,$M10<=$N10),1,1-('参数区'!$B$13-$N10)/($M10-$N10)*(1-$O10))))) | AA10: =IF(NOT(($C10="是")),1,IF((IF($D10="双持",$L10*1.25,$L10))<=0,1,MIN(1,DEGREES(ATAN(('参数区'!$B$14/2)/'参数区'!$B$13))/(IF($D10="双持",$L10*1.25,$L10))))) | AB10: =IF(($AF10)<=0,(($E10)+($F10))/2,IF(($F10)<=($E10),IF(($AF10)<=0,($E10),IF(($E10)>=($AF10),($E10),IF(($E10)>=($AF10)/2,($E10)*(($E10)+($AF10))/(2*($AF10)),3*($E10)^2/(2*($AF10))))),(IF(MIN($F10,($AF10)/2)>($E10),((MIN($F10,($AF10)/2))^3-(($E10))^3)/(2*($AF10)),0)+IF(MIN($F10,($AF10))>MAX($E10,($AF10)/2),((MIN($F10,($AF10)))^3-(MAX($E10,($AF10)/2))^3)/(6*($AF10))+((MIN($F10,($AF10)))^2-(MAX($E10,($AF10)/2))^2)/4,0)+IF(($F10)>MAX($E10,($AF10)),((($F10))^2-(MAX($E10,($AF10)))^2)/2,0))/(($F10)-($E10)))) | AC10: =IF(($AK10)<=0,((0)+($AI10))/2,IF(($AI10)<=(0),IF(($AK10)<=0,(0),IF((0)>=($AK10),(0),IF((0)>=($AK10)/2,(0)*((0)+($AK10))/(2*($AK10)),3*(0)^2/(2*($AK10))))),(IF(MIN($AI10,($AK10)/2)>(0),((MIN($AI10,($AK10)/2))^3-((0))^3)/(2*($AK10)),0)+IF(MIN($AI10,($AK10))>MAX(0,($AK10)/2),((MIN($AI10,($AK10)))^3-(MAX(0,($AK10)/2))^3)/(6*($AK10))+((MIN($AI10,($AK10)))^2-(MAX(0,($AK10)/2))^2)/4,0)+IF(($AI10)>MAX(0,($AK10)),((($AI10))^2-(MAX(0,($AK10)))^2)/2,0))/(($AI10)-(0)))) | AD10: =$AC10*$W10*$AA10*$Z10 | AE10: =IF(($H10="锐"),'参数区'!$B$4,'参数区'!$B$5) | AF10: =$AE10*(1-$G10) | AG10: =IF(($H10="锐"),'参数区'!$B$7,'参数区'!$B$8) | AH10: =$AG10*(1-$G10) | AI10: =IF(($AH10)<=0,(($E10)+($F10))/2,IF(($F10)<=($E10),IF(($AH10)<=0,($E10),IF(($E10)>=($AH10),($E10),IF(($E10)>=($AH10)/2,($E10)*(($E10)+($AH10))/(2*($AH10)),3*($E10)^2/(2*($AH10))))),(IF(MIN($F10,($AH10)/2)>($E10),((MIN($F10,($AH10)/2))^3-(($E10))^3)/(2*($AH10)),0)+IF(MIN($F10,($AH10))>MAX($E10,($AH10)/2),((MIN($F10,($AH10)))^3-(MAX($E10,($AH10)/2))^3)/(6*($AH10))+((MIN($F10,($AH10)))^2-(MAX($E10,($AH10)/2))^2)/4,0)+IF(($F10)>MAX($E10,($AH10)),((($F10))^2-(MAX($E10,($AH10)))^2)/2,0))/(($F10)-($E10)))) | AJ10: =IF(($H10="锐"),'参数区'!$B$9,'参数区'!$B$10) | AK10: =$AJ10*(1-$G10)
A11: 破甲锤 | B11: 近战钝器，穿透35%(破甲专精)，重型双手 | C11: 否 | D11: 双手 | E11: 20 | F11: 28 | G11: 0.35 | H11: 钝 | I11: 4.5 | J11: 1 | U11: =IF($I11>0,$I11/IF($D11="双手",1.15,IF($D11="双持",1.4,1)),0) | V11: =$U11+((IF($J11="",1,$J11))-1)*(IF($K11="",0,$K11)) | W11: =IF($V11>0,(IF($J11="",1,$J11))/$V11,0) | X11: =($E11+$F11)/2 | Y11: =$X11*$W11 | Z11: =IF(NOT(($C11="是")),1,IF($M11<=0,1,IF('参数区'!$B$13>$M11,0,IF(OR('参数区'!$B$13<=$N11,$M11<=$N11),1,1-('参数区'!$B$13-$N11)/($M11-$N11)*(1-$O11))))) | AA11: =IF(NOT(($C11="是")),1,IF((IF($D11="双持",$L11*1.25,$L11))<=0,1,MIN(1,DEGREES(ATAN(('参数区'!$B$14/2)/'参数区'!$B$13))/(IF($D11="双持",$L11*1.25,$L11))))) | AB11: =IF(($AF11)<=0,(($E11)+($F11))/2,IF(($F11)<=($E11),IF(($AF11)<=0,($E11),IF(($E11)>=($AF11),($E11),IF(($E11)>=($AF11)/2,($E11)*(($E11)+($AF11))/(2*($AF11)),3*($E11)^2/(2*($AF11))))),(IF(MIN($F11,($AF11)/2)>($E11),((MIN($F11,($AF11)/2))^3-(($E11))^3)/(2*($AF11)),0)+IF(MIN($F11,($AF11))>MAX($E11,($AF11)/2),((MIN($F11,($AF11)))^3-(MAX($E11,($AF11)/2))^3)/(6*($AF11))+((MIN($F11,($AF11)))^2-(MAX($E11,($AF11)/2))^2)/4,0)+IF(($F11)>MAX($E11,($AF11)),((($F11))^2-(MAX($E11,($AF11)))^2)/2,0))/(($F11)-($E11)))) | AC11: =IF(($AK11)<=0,((0)+($AI11))/2,IF(($AI11)<=(0),IF(($AK11)<=0,(0),IF((0)>=($AK11),(0),IF((0)>=($AK11)/2,(0)*((0)+($AK11))/(2*($AK11)),3*(0)^2/(2*($AK11))))),(IF(MIN($AI11,($AK11)/2)>(0),((MIN($AI11,($AK11)/2))^3-((0))^3)/(2*($AK11)),0)+IF(MIN($AI11,($AK11))>MAX(0,($AK11)/2),((MIN($AI11,($AK11)))^3-(MAX(0,($AK11)/2))^3)/(6*($AK11))+((MIN($AI11,($AK11)))^2-(MAX(0,($AK11)/2))^2)/4,0)+IF(($AI11)>MAX(0,($AK11)),((($AI11))^2-(MAX(0,($AK11)))^2)/2,0))/(($AI11)-(0)))) | AD11: =$AC11*$W11*$AA11*$Z11 | AE11: =IF(($H11="锐"),'参数区'!$B$4,'参数区'!$B$5) | AF11: =$AE11*(1-$G11) | AG11: =IF(($H11="锐"),'参数区'!$B$7,'参数区'!$B$8) | AH11: =$AG11*(1-$G11) | AI11: =IF(($AH11)<=0,(($E11)+($F11))/2,IF(($F11)<=($E11),IF(($AH11)<=0,($E11),IF(($E11)>=($AH11),($E11),IF(($E11)>=($AH11)/2,($E11)*(($E11)+($AH11))/(2*($AH11)),3*($E11)^2/(2*($AH11))))),(IF(MIN($F11,($AH11)/2)>($E11),((MIN($F11,($AH11)/2))^3-(($E11))^3)/(2*($AH11)),0)+IF(MIN($F11,($AH11))>MAX($E11,($AH11)/2),((MIN($F11,($AH11)))^3-(MAX($E11,($AH11)/2))^3)/(6*($AH11))+((MIN($F11,($AH11)))^2-(MAX($E11,($AH11)/2))^2)/4,0)+IF(($F11)>MAX($E11,($AH11)),((($F11))^2-(MAX($E11,($AH11)))^2)/2,0))/(($F11)-($E11)))) | AJ11: =IF(($H11="锐"),'参数区'!$B$9,'参数区'!$B$10) | AK11: =$AJ11*(1-$G11)
A12: 土制枪 | B12: 远程锐器，误差大，枪托可钝击 | C12: 是 | D12: 单手 | E12: 11 | F12: 22 | G12: 0.1 | H12: 锐 | I12: 3.5 | J12: 1 | L12: 8 | M12: 130 | N12: 25 | O12: 0.35 | P12: 3 | Q12: 5 | R12: 1.4 | S12: 0.02 | U12: =IF($I12>0,$I12/IF($D12="双手",1.15,IF($D12="双持",1.4,1)),0) | V12: =$U12+((IF($J12="",1,$J12))-1)*(IF($K12="",0,$K12)) | W12: =IF($V12>0,(IF($J12="",1,$J12))/$V12,0) | X12: =($E12+$F12)/2 | Y12: =$X12*$W12 | Z12: =IF(NOT(($C12="是")),1,IF($M12<=0,1,IF('参数区'!$B$13>$M12,0,IF(OR('参数区'!$B$13<=$N12,$M12<=$N12),1,1-('参数区'!$B$13-$N12)/($M12-$N12)*(1-$O12))))) | AA12: =IF(NOT(($C12="是")),1,IF((IF($D12="双持",$L12*1.25,$L12))<=0,1,MIN(1,DEGREES(ATAN(('参数区'!$B$14/2)/'参数区'!$B$13))/(IF($D12="双持",$L12*1.25,$L12))))) | AB12: =IF(($AF12)<=0,(($E12)+($F12))/2,IF(($F12)<=($E12),IF(($AF12)<=0,($E12),IF(($E12)>=($AF12),($E12),IF(($E12)>=($AF12)/2,($E12)*(($E12)+($AF12))/(2*($AF12)),3*($E12)^2/(2*($AF12))))),(IF(MIN($F12,($AF12)/2)>($E12),((MIN($F12,($AF12)/2))^3-(($E12))^3)/(2*($AF12)),0)+IF(MIN($F12,($AF12))>MAX($E12,($AF12)/2),((MIN($F12,($AF12)))^3-(MAX($E12,($AF12)/2))^3)/(6*($AF12))+((MIN($F12,($AF12)))^2-(MAX($E12,($AF12)/2))^2)/4,0)+IF(($F12)>MAX($E12,($AF12)),((($F12))^2-(MAX($E12,($AF12)))^2)/2,0))/(($F12)-($E12)))) | AC12: =IF(($AK12)<=0,((0)+($AI12))/2,IF(($AI12)<=(0),IF(($AK12)<=0,(0),IF((0)>=($AK12),(0),IF((0)>=($AK12)/2,(0)*((0)+($AK12))/(2*($AK12)),3*(0)^2/(2*($AK12))))),(IF(MIN($AI12,($AK12)/2)>(0),((MIN($AI12,($AK12)/2))^3-((0))^3)/(2*($AK12)),0)+IF(MIN($AI12,($AK12))>MAX(0,($AK12)/2),((MIN($AI12,($AK12)))^3-(MAX(0,($AK12)/2))^3)/(6*($AK12))+((MIN($AI12,($AK12)))^2-(MAX(0,($AK12)/2))^2)/4,0)+IF(($AI12)>MAX(0,($AK12)),((($AI12))^2-(MAX(0,($AK12)))^2)/2,0))/(($AI12)-(0)))) | AD12: =$AC12*$W12*$AA12*$Z12 | AE12: =IF(($H12="锐"),'参数区'!$B$4,'参数区'!$B$5) | AF12: =$AE12*(1-$G12) | AG12: =IF(($H12="锐"),'参数区'!$B$7,'参数区'!$B$8) | AH12: =$AG12*(1-$G12) | AI12: =IF(($AH12)<=0,(($E12)+($F12))/2,IF(($F12)<=($E12),IF(($AH12)<=0,($E12),IF(($E12)>=($AH12),($E12),IF(($E12)>=($AH12)/2,($E12)*(($E12)+($AH12))/(2*($AH12)),3*($E12)^2/(2*($AH12))))),(IF(MIN($F12,($AH12)/2)>($E12),((MIN($F12,($AH12)/2))^3-(($E12))^3)/(2*($AH12)),0)+IF(MIN($F12,($AH12))>MAX($E12,($AH12)/2),((MIN($F12,($AH12)))^3-(MAX($E12,($AH12)/2))^3)/(6*($AH12))+((MIN($F12,($AH12)))^2-(MAX($E12,($AH12)/2))^2)/4,0)+IF(($F12)>MAX($E12,($AH12)),((($F12))^2-(MAX($E12,($AH12)))^2)/2,0))/(($F12)-($E12)))) | AJ12: =IF(($H12="锐"),'参数区'!$B$9,'参数区'!$B$10) | AK12: =$AJ12*(1-$G12)
A13: 手枪 | B13: 远程锐器，穿透15%，可双持 | C13: 是 | D13: 单手 | E13: 8 | F13: 14 | G13: 0.15 | H13: 锐 | I13: 2 | J13: 1 | L13: 3 | M13: 200 | N13: 55 | O13: 0.5 | P13: 3 | Q13: 6 | R13: 1.2 | S13: 0.02 | T13: 可双持 | U13: =IF($I13>0,$I13/IF($D13="双手",1.15,IF($D13="双持",1.4,1)),0) | V13: =$U13+((IF($J13="",1,$J13))-1)*(IF($K13="",0,$K13)) | W13: =IF($V13>0,(IF($J13="",1,$J13))/$V13,0) | X13: =($E13+$F13)/2 | Y13: =$X13*$W13 | Z13: =IF(NOT(($C13="是")),1,IF($M13<=0,1,IF('参数区'!$B$13>$M13,0,IF(OR('参数区'!$B$13<=$N13,$M13<=$N13),1,1-('参数区'!$B$13-$N13)/($M13-$N13)*(1-$O13))))) | AA13: =IF(NOT(($C13="是")),1,IF((IF($D13="双持",$L13*1.25,$L13))<=0,1,MIN(1,DEGREES(ATAN(('参数区'!$B$14/2)/'参数区'!$B$13))/(IF($D13="双持",$L13*1.25,$L13))))) | AB13: =IF(($AF13)<=0,(($E13)+($F13))/2,IF(($F13)<=($E13),IF(($AF13)<=0,($E13),IF(($E13)>=($AF13),($E13),IF(($E13)>=($AF13)/2,($E13)*(($E13)+($AF13))/(2*($AF13)),3*($E13)^2/(2*($AF13))))),(IF(MIN($F13,($AF13)/2)>($E13),((MIN($F13,($AF13)/2))^3-(($E13))^3)/(2*($AF13)),0)+IF(MIN($F13,($AF13))>MAX($E13,($AF13)/2),((MIN($F13,($AF13)))^3-(MAX($E13,($AF13)/2))^3)/(6*($AF13))+((MIN($F13,($AF13)))^2-(MAX($E13,($AF13)/2))^2)/4,0)+IF(($F13)>MAX($E13,($AF13)),((($F13))^2-(MAX($E13,($AF13)))^2)/2,0))/(($F13)-($E13)))) | AC13: =IF(($AK13)<=0,((0)+($AI13))/2,IF(($AI13)<=(0),IF(($AK13)<=0,(0),IF((0)>=($AK13),(0),IF((0)>=($AK13)/2,(0)*((0)+($AK13))/(2*($AK13)),3*(0)^2/(2*($AK13))))),(IF(MIN($AI13,($AK13)/2)>(0),((MIN($AI13,($AK13)/2))^3-((0))^3)/(2*($AK13)),0)+IF(MIN($AI13,($AK13))>MAX(0,($AK13)/2),((MIN($AI13,($AK13)))^3-(MAX(0,($AK13)/2))^3)/(6*($AK13))+((MIN($AI13,($AK13)))^2-(MAX(0,($AK13)/2))^2)/4,0)+IF(($AI13)>MAX(0,($AK13)),((($AI13))^2-(MAX(0,($AK13)))^2)/2,0))/(($AI13)-(0)))) | AD13: =$AC13*$W13*$AA13*$Z13 | AE13: =IF(($H13="锐"),'参数区'!$B$4,'参数区'!$B$5) | AF13: =$AE13*(1-$G13) | AG13: =IF(($H13="锐"),'参数区'!$B$7,'参数区'!$B$8) | AH13: =$AG13*(1-$G13) | AI13: =IF(($AH13)<=0,(($E13)+($F13))/2,IF(($F13)<=($E13),IF(($AH13)<=0,($E13),IF(($E13)>=($AH13),($E13),IF(($E13)>=($AH13)/2,($E13)*(($E13)+($AH13))/(2*($AH13)),3*($E13)^2/(2*($AH13))))),(IF(MIN($F13,($AH13)/2)>($E13),((MIN($F13,($AH13)/2))^3-(($E13))^3)/(2*($AH13)),0)+IF(MIN($F13,($AH13))>MAX($E13,($AH13)/2),((MIN($F13,($AH13)))^3-(MAX($E13,($AH13)/2))^3)/(6*($AH13))+((MIN($F13,($AH13)))^2-(MAX($E13,($AH13)/2))^2)/4,0)+IF(($F13)>MAX($E13,($AH13)),((($F13))^2-(MAX($E13,($AH13)))^2)/2,0))/(($F13)-($E13)))) | AJ13: =IF(($H13="锐"),'参数区'!$B$9,'参数区'!$B$10) | AK13: =$AJ13*(1-$G13)
A14: 冲锋枪 | B14: 远程锐器，三连发，双手抵肩 | C14: 是 | D14: 双手 | E14: 10 | F14: 18 | G14: 0.18 | H14: 锐 | I14: 1.8 | J14: 3 | K14: 0.06 | L14: 6 | M14: 280 | N14: 70 | O14: 0.45 | P14: 4 | Q14: 7 | R14: 1.3 | S14: 0.02 | T14: 可双持;三连发 | U14: =IF($I14>0,$I14/IF($D14="双手",1.15,IF($D14="双持",1.4,1)),0) | V14: =$U14+((IF($J14="",1,$J14))-1)*(IF($K14="",0,$K14)) | W14: =IF($V14>0,(IF($J14="",1,$J14))/$V14,0) | X14: =($E14+$F14)/2 | Y14: =$X14*$W14 | Z14: =IF(NOT(($C14="是")),1,IF($M14<=0,1,IF('参数区'!$B$13>$M14,0,IF(OR('参数区'!$B$13<=$N14,$M14<=$N14),1,1-('参数区'!$B$13-$N14)/($M14-$N14)*(1-$O14))))) | AA14: =IF(NOT(($C14="是")),1,IF((IF($D14="双持",$L14*1.25,$L14))<=0,1,MIN(1,DEGREES(ATAN(('参数区'!$B$14/2)/'参数区'!$B$13))/(IF($D14="双持",$L14*1.25,$L14))))) | AB14: =IF(($AF14)<=0,(($E14)+($F14))/2,IF(($F14)<=($E14),IF(($AF14)<=0,($E14),IF(($E14)>=($AF14),($E14),IF(($E14)>=($AF14)/2,($E14)*(($E14)+($AF14))/(2*($AF14)),3*($E14)^2/(2*($AF14))))),(IF(MIN($F14,($AF14)/2)>($E14),((MIN($F14,($AF14)/2))^3-(($E14))^3)/(2*($AF14)),0)+IF(MIN($F14,($AF14))>MAX($E14,($AF14)/2),((MIN($F14,($AF14)))^3-(MAX($E14,($AF14)/2))^3)/(6*($AF14))+((MIN($F14,($AF14)))^2-(MAX($E14,($AF14)/2))^2)/4,0)+IF(($F14)>MAX($E14,($AF14)),((($F14))^2-(MAX($E14,($AF14)))^2)/2,0))/(($F14)-($E14)))) | AC14: =IF(($AK14)<=0,((0)+($AI14))/2,IF(($AI14)<=(0),IF(($AK14)<=0,(0),IF((0)>=($AK14),(0),IF((0)>=($AK14)/2,(0)*((0)+($AK14))/(2*($AK14)),3*(0)^2/(2*($AK14))))),(IF(MIN($AI14,($AK14)/2)>(0),((MIN($AI14,($AK14)/2))^3-((0))^3)/(2*($AK14)),0)+IF(MIN($AI14,($AK14))>MAX(0,($AK14)/2),((MIN($AI14,($AK14)))^3-(MAX(0,($AK14)/2))^3)/(6*($AK14))+((MIN($AI14,($AK14)))^2-(MAX(0,($AK14)/2))^2)/4,0)+IF(($AI14)>MAX(0,($AK14)),((($AI14))^2-(MAX(0,($AK14)))^2)/2,0))/(($AI14)-(0)))) | AD14: =$AC14*$W14*$AA14*$Z14 | AE14: =IF(($H14="锐"),'参数区'!$B$4,'参数区'!$B$5) | AF14: =$AE14*(1-$G14) | AG14: =IF(($H14="锐"),'参数区'!$B$7,'参数区'!$B$8) | AH14: =$AG14*(1-$G14) | AI14: =IF(($AH14)<=0,(($E14)+($F14))/2,IF(($F14)<=($E14),IF(($AH14)<=0,($E14),IF(($E14)>=($AH14),($E14),IF(($E14)>=($AH14)/2,($E14)*(($E14)+($AH14))/(2*($AH14)),3*($E14)^2/(2*($AH14))))),(IF(MIN($F14,($AH14)/2)>($E14),((MIN($F14,($AH14)/2))^3-(($E14))^3)/(2*($AH14)),0)+IF(MIN($F14,($AH14))>MAX($E14,($AH14)/2),((MIN($F14,($AH14)))^3-(MAX($E14,($AH14)/2))^3)/(6*($AH14))+((MIN($F14,($AH14)))^2-(MAX($E14,($AH14)/2))^2)/4,0)+IF(($F14)>MAX($E14,($AH14)),((($F14))^2-(MAX($E14,($AH14)))^2)/2,0))/(($F14)-($E14)))) | AJ14: =IF(($H14="锐"),'参数区'!$B$9,'参数区'!$B$10) | AK14: =$AJ14*(1-$G14)
A15: 步枪 | B15: 军用远程锐器，穿透21%，双手抵肩 | C15: 是 | D15: 双手 | E15: 20 | F15: 35 | G15: 0.21 | H15: 锐 | I15: 2.8 | J15: 1 | L15: 2 | M15: 550 | N15: 200 | O15: 0.6 | P15: 6 | Q15: 10 | R15: 1.5 | S15: 0.03 | U15: =IF($I15>0,$I15/IF($D15="双手",1.15,IF($D15="双持",1.4,1)),0) | V15: =$U15+((IF($J15="",1,$J15))-1)*(IF($K15="",0,$K15)) | W15: =IF($V15>0,(IF($J15="",1,$J15))/$V15,0) | X15: =($E15+$F15)/2 | Y15: =$X15*$W15 | Z15: =IF(NOT(($C15="是")),1,IF($M15<=0,1,IF('参数区'!$B$13>$M15,0,IF(OR('参数区'!$B$13<=$N15,$M15<=$N15),1,1-('参数区'!$B$13-$N15)/($M15-$N15)*(1-$O15))))) | AA15: =IF(NOT(($C15="是")),1,IF((IF($D15="双持",$L15*1.25,$L15))<=0,1,MIN(1,DEGREES(ATAN(('参数区'!$B$14/2)/'参数区'!$B$13))/(IF($D15="双持",$L15*1.25,$L15))))) | AB15: =IF(($AF15)<=0,(($E15)+($F15))/2,IF(($F15)<=($E15),IF(($AF15)<=0,($E15),IF(($E15)>=($AF15),($E15),IF(($E15)>=($AF15)/2,($E15)*(($E15)+($AF15))/(2*($AF15)),3*($E15)^2/(2*($AF15))))),(IF(MIN($F15,($AF15)/2)>($E15),((MIN($F15,($AF15)/2))^3-(($E15))^3)/(2*($AF15)),0)+IF(MIN($F15,($AF15))>MAX($E15,($AF15)/2),((MIN($F15,($AF15)))^3-(MAX($E15,($AF15)/2))^3)/(6*($AF15))+((MIN($F15,($AF15)))^2-(MAX($E15,($AF15)/2))^2)/4,0)+IF(($F15)>MAX($E15,($AF15)),((($F15))^2-(MAX($E15,($AF15)))^2)/2,0))/(($F15)-($E15)))) | AC15: =IF(($AK15)<=0,((0)+($AI15))/2,IF(($AI15)<=(0),IF(($AK15)<=0,(0),IF((0)>=($AK15),(0),IF((0)>=($AK15)/2,(0)*((0)+($AK15))/(2*($AK15)),3*(0)^2/(2*($AK15))))),(IF(MIN($AI15,($AK15)/2)>(0),((MIN($AI15,($AK15)/2))^3-((0))^3)/(2*($AK15)),0)+IF(MIN($AI15,($AK15))>MAX(0,($AK15)/2),((MIN($AI15,($AK15)))^3-(MAX(0,($AK15)/2))^3)/(6*($AK15))+((MIN($AI15,($AK15)))^2-(MAX(0,($AK15)/2))^2)/4,0)+IF(($AI15)>MAX(0,($AK15)),((($AI15))^2-(MAX(0,($AK15)))^2)/2,0))/(($AI15)-(0)))) | AD15: =$AC15*$W15*$AA15*$Z15 | AE15: =IF(($H15="锐"),'参数区'!$B$4,'参数区'!$B$5) | AF15: =$AE15*(1-$G15) | AG15: =IF(($H15="锐"),'参数区'!$B$7,'参数区'!$B$8) | AH15: =$AG15*(1-$G15) | AI15: =IF(($AH15)<=0,(($E15)+($F15))/2,IF(($F15)<=($E15),IF(($AH15)<=0,($E15),IF(($E15)>=($AH15),($E15),IF(($E15)>=($AH15)/2,($E15)*(($E15)+($AH15))/(2*($AH15)),3*($E15)^2/(2*($AH15))))),(IF(MIN($F15,($AH15)/2)>($E15),((MIN($F15,($AH15)/2))^3-(($E15))^3)/(2*($AH15)),0)+IF(MIN($F15,($AH15))>MAX($E15,($AH15)/2),((MIN($F15,($AH15)))^3-(MAX($E15,($AH15)/2))^3)/(6*($AH15))+((MIN($F15,($AH15)))^2-(MAX($E15,($AH15)/2))^2)/4,0)+IF(($F15)>MAX($E15,($AH15)),((($F15))^2-(MAX($E15,($AH15)))^2)/2,0))/(($F15)-($E15)))) | AJ15: =IF(($H15="锐"),'参数区'!$B$9,'参数区'!$B$10) | AK15: =$AJ15*(1-$G15)
A16: 栓动猎枪 | B16: 民用远程锐器，栓动慢冷却，数值介于步枪与土制枪 | C16: 是 | D16: 双手 | E16: 16 | F16: 28 | G16: 0.16 | H16: 锐 | I16: 4.5 | J16: 1 | L16: 3 | M16: 420 | N16: 160 | O16: 0.55 | P16: 6 | Q16: 10 | R16: 1.6 | S16: 0.03 | T16: 新增 | U16: =IF($I16>0,$I16/IF($D16="双手",1.15,IF($D16="双持",1.4,1)),0) | V16: =$U16+((IF($J16="",1,$J16))-1)*(IF($K16="",0,$K16)) | W16: =IF($V16>0,(IF($J16="",1,$J16))/$V16,0) | X16: =($E16+$F16)/2 | Y16: =$X16*$W16 | Z16: =IF(NOT(($C16="是")),1,IF($M16<=0,1,IF('参数区'!$B$13>$M16,0,IF(OR('参数区'!$B$13<=$N16,$M16<=$N16),1,1-('参数区'!$B$13-$N16)/($M16-$N16)*(1-$O16))))) | AA16: =IF(NOT(($C16="是")),1,IF((IF($D16="双持",$L16*1.25,$L16))<=0,1,MIN(1,DEGREES(ATAN(('参数区'!$B$14/2)/'参数区'!$B$13))/(IF($D16="双持",$L16*1.25,$L16))))) | AB16: =IF(($AF16)<=0,(($E16)+($F16))/2,IF(($F16)<=($E16),IF(($AF16)<=0,($E16),IF(($E16)>=($AF16),($E16),IF(($E16)>=($AF16)/2,($E16)*(($E16)+($AF16))/(2*($AF16)),3*($E16)^2/(2*($AF16))))),(IF(MIN($F16,($AF16)/2)>($E16),((MIN($F16,($AF16)/2))^3-(($E16))^3)/(2*($AF16)),0)+IF(MIN($F16,($AF16))>MAX($E16,($AF16)/2),((MIN($F16,($AF16)))^3-(MAX($E16,($AF16)/2))^3)/(6*($AF16))+((MIN($F16,($AF16)))^2-(MAX($E16,($AF16)/2))^2)/4,0)+IF(($F16)>MAX($E16,($AF16)),((($F16))^2-(MAX($E16,($AF16)))^2)/2,0))/(($F16)-($E16)))) | AC16: =IF(($AK16)<=0,((0)+($AI16))/2,IF(($AI16)<=(0),IF(($AK16)<=0,(0),IF((0)>=($AK16),(0),IF((0)>=($AK16)/2,(0)*((0)+($AK16))/(2*($AK16)),3*(0)^2/(2*($AK16))))),(IF(MIN($AI16,($AK16)/2)>(0),((MIN($AI16,($AK16)/2))^3-((0))^3)/(2*($AK16)),0)+IF(MIN($AI16,($AK16))>MAX(0,($AK16)/2),((MIN($AI16,($AK16)))^3-(MAX(0,($AK16)/2))^3)/(6*($AK16))+((MIN($AI16,($AK16)))^2-(MAX(0,($AK16)/2))^2)/4,0)+IF(($AI16)>MAX(0,($AK16)),((($AI16))^2-(MAX(0,($AK16)))^2)/2,0))/(($AI16)-(0)))) | AD16: =$AC16*$W16*$AA16*$Z16 | AE16: =IF(($H16="锐"),'参数区'!$B$4,'参数区'!$B$5) | AF16: =$AE16*(1-$G16) | AG16: =IF(($H16="锐"),'参数区'!$B$7,'参数区'!$B$8) | AH16: =$AG16*(1-$G16) | AI16: =IF(($AH16)<=0,(($E16)+($F16))/2,IF(($F16)<=($E16),IF(($AH16)<=0,($E16),IF(($E16)>=($AH16),($E16),IF(($E16)>=($AH16)/2,($E16)*(($E16)+($AH16))/(2*($AH16)),3*($E16)^2/(2*($AH16))))),(IF(MIN($F16,($AH16)/2)>($E16),((MIN($F16,($AH16)/2))^3-(($E16))^3)/(2*($AH16)),0)+IF(MIN($F16,($AH16))>MAX($E16,($AH16)/2),((MIN($F16,($AH16)))^3-(MAX($E16,($AH16)/2))^3)/(6*($AH16))+((MIN($F16,($AH16)))^2-(MAX($E16,($AH16)/2))^2)/4,0)+IF(($F16)>MAX($E16,($AH16)),((($F16))^2-(MAX($E16,($AH16)))^2)/2,0))/(($F16)-($E16)))) | AJ16: =IF(($H16="锐"),'参数区'!$B$9,'参数区'!$B$10) | AK16: =$AJ16*(1-$G16)
A17: 狙击枪 | B17: 远程锐器，穿透70%，碾压多层甲 | C17: 是 | D17: 双手 | E17: 40 | F17: 70 | G17: 0.7 | H17: 锐 | I17: 5 | J17: 1 | L17: 0.5 | M17: 900 | N17: 450 | O17: 0.8 | P17: 6 | Q17: 11 | R17: 1.6 | S17: 0.03 | T17: 弹药稀缺约束 | U17: =IF($I17>0,$I17/IF($D17="双手",1.15,IF($D17="双持",1.4,1)),0) | V17: =$U17+((IF($J17="",1,$J17))-1)*(IF($K17="",0,$K17)) | W17: =IF($V17>0,(IF($J17="",1,$J17))/$V17,0) | X17: =($E17+$F17)/2 | Y17: =$X17*$W17 | Z17: =IF(NOT(($C17="是")),1,IF($M17<=0,1,IF('参数区'!$B$13>$M17,0,IF(OR('参数区'!$B$13<=$N17,$M17<=$N17),1,1-('参数区'!$B$13-$N17)/($M17-$N17)*(1-$O17))))) | AA17: =IF(NOT(($C17="是")),1,IF((IF($D17="双持",$L17*1.25,$L17))<=0,1,MIN(1,DEGREES(ATAN(('参数区'!$B$14/2)/'参数区'!$B$13))/(IF($D17="双持",$L17*1.25,$L17))))) | AB17: =IF(($AF17)<=0,(($E17)+($F17))/2,IF(($F17)<=($E17),IF(($AF17)<=0,($E17),IF(($E17)>=($AF17),($E17),IF(($E17)>=($AF17)/2,($E17)*(($E17)+($AF17))/(2*($AF17)),3*($E17)^2/(2*($AF17))))),(IF(MIN($F17,($AF17)/2)>($E17),((MIN($F17,($AF17)/2))^3-(($E17))^3)/(2*($AF17)),0)+IF(MIN($F17,($AF17))>MAX($E17,($AF17)/2),((MIN($F17,($AF17)))^3-(MAX($E17,($AF17)/2))^3)/(6*($AF17))+((MIN($F17,($AF17)))^2-(MAX($E17,($AF17)/2))^2)/4,0)+IF(($F17)>MAX($E17,($AF17)),((($F17))^2-(MAX($E17,($AF17)))^2)/2,0))/(($F17)-($E17)))) | AC17: =IF(($AK17)<=0,((0)+($AI17))/2,IF(($AI17)<=(0),IF(($AK17)<=0,(0),IF((0)>=($AK17),(0),IF((0)>=($AK17)/2,(0)*((0)+($AK17))/(2*($AK17)),3*(0)^2/(2*($AK17))))),(IF(MIN($AI17,($AK17)/2)>(0),((MIN($AI17,($AK17)/2))^3-((0))^3)/(2*($AK17)),0)+IF(MIN($AI17,($AK17))>MAX(0,($AK17)/2),((MIN($AI17,($AK17)))^3-(MAX(0,($AK17)/2))^3)/(6*($AK17))+((MIN($AI17,($AK17)))^2-(MAX(0,($AK17)/2))^2)/4,0)+IF(($AI17)>MAX(0,($AK17)),((($AI17))^2-(MAX(0,($AK17)))^2)/2,0))/(($AI17)-(0)))) | AD17: =$AC17*$W17*$AA17*$Z17 | AE17: =IF(($H17="锐"),'参数区'!$B$4,'参数区'!$B$5) | AF17: =$AE17*(1-$G17) | AG17: =IF(($H17="锐"),'参数区'!$B$7,'参数区'!$B$8) | AH17: =$AG17*(1-$G17) | AI17: =IF(($AH17)<=0,(($E17)+($F17))/2,IF(($F17)<=($E17),IF(($AH17)<=0,($E17),IF(($E17)>=($AH17),($E17),IF(($E17)>=($AH17)/2,($E17)*(($E17)+($AH17))/(2*($AH17)),3*($E17)^2/(2*($AH17))))),(IF(MIN($F17,($AH17)/2)>($E17),((MIN($F17,($AH17)/2))^3-(($E17))^3)/(2*($AH17)),0)+IF(MIN($F17,($AH17))>MAX($E17,($AH17)/2),((MIN($F17,($AH17)))^3-(MAX($E17,($AH17)/2))^3)/(6*($AH17))+((MIN($F17,($AH17)))^2-(MAX($E17,($AH17)/2))^2)/4,0)+IF(($F17)>MAX($E17,($AH17)),((($F17))^2-(MAX($E17,($AH17)))^2)/2,0))/(($F17)-($E17)))) | AJ17: =IF(($H17="锐"),'参数区'!$B$9,'参数区'!$B$10) | AK17: =$AJ17*(1-$G17)
A18: 爪击(丧尸) | B18: 天生近战锐器，穿透5% | C18: 否 | D18: 单手 | E18: 3 | F18: 9 | G18: 0.05 | H18: 锐 | I18: 2.3 | J18: 1 | T18: 天生武器 | U18: =IF($I18>0,$I18/IF($D18="双手",1.15,IF($D18="双持",1.4,1)),0) | V18: =$U18+((IF($J18="",1,$J18))-1)*(IF($K18="",0,$K18)) | W18: =IF($V18>0,(IF($J18="",1,$J18))/$V18,0) | X18: =($E18+$F18)/2 | Y18: =$X18*$W18 | Z18: =IF(NOT(($C18="是")),1,IF($M18<=0,1,IF('参数区'!$B$13>$M18,0,IF(OR('参数区'!$B$13<=$N18,$M18<=$N18),1,1-('参数区'!$B$13-$N18)/($M18-$N18)*(1-$O18))))) | AA18: =IF(NOT(($C18="是")),1,IF((IF($D18="双持",$L18*1.25,$L18))<=0,1,MIN(1,DEGREES(ATAN(('参数区'!$B$14/2)/'参数区'!$B$13))/(IF($D18="双持",$L18*1.25,$L18))))) | AB18: =IF(($AF18)<=0,(($E18)+($F18))/2,IF(($F18)<=($E18),IF(($AF18)<=0,($E18),IF(($E18)>=($AF18),($E18),IF(($E18)>=($AF18)/2,($E18)*(($E18)+($AF18))/(2*($AF18)),3*($E18)^2/(2*($AF18))))),(IF(MIN($F18,($AF18)/2)>($E18),((MIN($F18,($AF18)/2))^3-(($E18))^3)/(2*($AF18)),0)+IF(MIN($F18,($AF18))>MAX($E18,($AF18)/2),((MIN($F18,($AF18)))^3-(MAX($E18,($AF18)/2))^3)/(6*($AF18))+((MIN($F18,($AF18)))^2-(MAX($E18,($AF18)/2))^2)/4,0)+IF(($F18)>MAX($E18,($AF18)),((($F18))^2-(MAX($E18,($AF18)))^2)/2,0))/(($F18)-($E18)))) | AC18: =IF(($AK18)<=0,((0)+($AI18))/2,IF(($AI18)<=(0),IF(($AK18)<=0,(0),IF((0)>=($AK18),(0),IF((0)>=($AK18)/2,(0)*((0)+($AK18))/(2*($AK18)),3*(0)^2/(2*($AK18))))),(IF(MIN($AI18,($AK18)/2)>(0),((MIN($AI18,($AK18)/2))^3-((0))^3)/(2*($AK18)),0)+IF(MIN($AI18,($AK18))>MAX(0,($AK18)/2),((MIN($AI18,($AK18)))^3-(MAX(0,($AK18)/2))^3)/(6*($AK18))+((MIN($AI18,($AK18)))^2-(MAX(0,($AK18)/2))^2)/4,0)+IF(($AI18)>MAX(0,($AK18)),((($AI18))^2-(MAX(0,($AK18)))^2)/2,0))/(($AI18)-(0)))) | AD18: =$AC18*$W18*$AA18*$Z18 | AE18: =IF(($H18="锐"),'参数区'!$B$4,'参数区'!$B$5) | AF18: =$AE18*(1-$G18) | AG18: =IF(($H18="锐"),'参数区'!$B$7,'参数区'!$B$8) | AH18: =$AG18*(1-$G18) | AI18: =IF(($AH18)<=0,(($E18)+($F18))/2,IF(($F18)<=($E18),IF(($AH18)<=0,($E18),IF(($E18)>=($AH18),($E18),IF(($E18)>=($AH18)/2,($E18)*(($E18)+($AH18))/(2*($AH18)),3*($E18)^2/(2*($AH18))))),(IF(MIN($F18,($AH18)/2)>($E18),((MIN($F18,($AH18)/2))^3-(($E18))^3)/(2*($AH18)),0)+IF(MIN($F18,($AH18))>MAX($E18,($AH18)/2),((MIN($F18,($AH18)))^3-(MAX($E18,($AH18)/2))^3)/(6*($AH18))+((MIN($F18,($AH18)))^2-(MAX($E18,($AH18)/2))^2)/4,0)+IF(($F18)>MAX($E18,($AH18)),((($F18))^2-(MAX($E18,($AH18)))^2)/2,0))/(($F18)-($E18)))) | AJ18: =IF(($H18="锐"),'参数区'!$B$9,'参数区'!$B$10) | AK18: =$AJ18*(1-$G18)

Sheet 参数区
A1: 参数区（所有武器表公式集中引用这里，改一处全表联动）
A3: 护甲预设（可调；默认=ArmorTable 现行值）
A4: 单层甲 · 锐防 | B4: 12 | C4: 单层护甲期望伤害用。默认=皮甲 SharpDefense (ArmorTable.Leather)
A5: 单层甲 · 钝防 | B5: 6 | C5: 默认=皮甲 BluntDefense
A7: 多层甲 · 外层锐防 | B7: 12 | C7: 多层期望的外层。默认=皮甲(外套)
A8: 多层甲 · 外层钝防 | B8: 6
A9: 多层甲 · 内层锐防 | B9: 4 | C9: 默认=布衣(贴身) SharpDefense (ArmorTable.Cloth)
A10: 多层甲 · 内层钝防 | B10: 2
A12: 命中率 / 距离评估参数
A13: 评估距离（世界单位） | B13: 80 | C13: 远程命中率与距离衰减都在此距离评估。近战不受影响
A14: 目标宽度（世界单位） | B14: 24 | C14: 待确认：引擎未定义世界单位尺度，按像素身宽估。命中率几何用

Sheet 说明
A1: 列 / 概念 | B1: 公式假设 · 引擎对应 · 已知简化
A2: 本版对应引擎 | B2: 对应 WeaponTable.cs 当前实况（2026-07 全局慢节奏冷却重标）：冷却全表重标（匕首1.4/长剑3.6/破甲锤4.5/手枪2.0/步枪2.8/狙击5.0/土制枪3.5伤11-22/爪击2.3），破甲锤穿透20%→35%(WeaponTable.cs:125)，新增民用栓动猎枪(16-28/穿16%/射420/冷4.5, WeaponTable.cs:230)，冲锋枪改三连发(BurstCount=3/BurstInterval=0.06, WeaponTable.cs:191-196)。数值皆「拟定待调」。
A3: 总则 | B3: 计算列全程按连续小数期望，不做引擎末端的「向上取整、最低1伤」（CombatResolver.CeilMin1, CombatResolver.cs:156）——期望值取整无意义，实际单次伤害仍会被取整。数值本身皆「拟定待调」，靠 Sim 校准方向。
A4: 连发感知 DPS | B4: 冲锋枪等连发武器：攻击模型＝冷却→N连发→冷却→N连发（冷却 AttackInterval 语义为连发之后的冷却，WeaponTable.cs:178-196）。循环时长 = 有效冷却 + (连发数-1)×连发内间隔；有效攻速(发/秒)=连发数/循环时长；DPS=每击伤害×有效攻速。连发内间隔(BurstInterval,如0.06)是快速点射的固定节奏，不吃持握慢速；单发武器连发数=1、连发内间隔留空(视为0)则退化为 有效攻速=1/有效冷却。
A5: 有效冷却/持握 | B5: 有效冷却=冷却/持握系数：双手÷1.15(TwoHandedSpeedBonus 更快)、双持÷1.4(=两把单手武器各×0.70 AttackSpeedFactor 叠加, DualWield.cs:30-33)、单手÷1。【简化】双持按「两手同款武器」估；负重/伤残/饥饿能力惩罚未计入（本表不含角色态）。
A6: 三段判定 | B6: 核心期望数学还原 CombatResolver.Resolve (CombatResolver.cs:30-153) + 设计文档 §5「逐层三段判定」(design.md:120-127)：攻方 atk~U(伤害下限,上限)；防方 def~U(0, 适用防御×(1-穿透))。atk≥def 全额(carried=atk)；def/2≤atk<def 半额(carried=atk/2，锐器转钝且穿透归零)；atk<def/2 挡下终止(carried=0)。
A7: 适用防御 | B7: 锐器取护甲 SharpDefense、钝器取 BluntDefense（Model.cs:158 DefenseFor）。Dm=适用防御×(1-穿透)（CombatResolver.cs:63）。护甲预设值在「参数区」，默认取 ArmorTable 现行值（皮甲12/6、布衣4/2，ArmorTable.cs:30-33，本次核对未变）。
A8: 单层期望伤害 | B8: 对 atk~U(a,b) 求 E[carried] 的闭式积分解（无近似，每击）。对固定 atk=t、def~U(0,Dm)：t≥Dm→carried=t；Dm/2≤t<Dm→t(t+Dm)/(2Dm)；t<Dm/2→3t²/(2Dm)。再对 t 在[a,b]分段积分（断点 Dm/2、Dm）。Dm≤0→退化均值(a+b)/2。
A9: 多层期望伤害 | B9: 均场(mean-field)两层链式：外层出 E1，内层令 atk~U(0,E1) 再算一次期望（对应引擎「第二层起 atk~U(0,上层伤害)」design.md:127）。【已知简化】①用 E1 点估计替代真实分布传播；②未建模锐器半伤后「转钝+穿透归零」跨层转换(CombatResolver.cs:80-86)——对锐器是方向性近似。精确多层结果请用 Sim `duel`。默认两层=皮甲(外)+布衣(内)。
A10: 命中率 | B10: 近战必中=1（design.md:94；Weapon.IsRanged=false 无误差角 Model.cs:48）。远程为几何近似：偏转角在[−误差角,+误差角]均匀采样(Ballistics.cs:14)。命中率=目标角半宽/有效误差角，封顶1；目标角半宽=DEGREES(ATAN((目标宽度/2)/评估距离))。双持远程误差角×1.25(DualWield.cs:35)。【简化/待确认】①只算水平锥；②未建模弹道路径命中/撞墙落空/友军误伤(design.md:96)；③目标宽度是世界单位、引擎未定义尺度，参数区按像素身宽估(待确认)。
A11: 距离衰减系数 | B11: 还原 Ballistics.RangedDamageFactor (Ballistics.cs:36-60)：距离≤满伤射程→1；(满伤,最大射程]→线性降到末端系数；>最大射程→0。近战/未填最大射程→恒1。在参数区「评估距离」处求值。护甲在距离衰减之后再扣(design.md:95)——期望DPS已含此顺序。
A12: 裸DPS | B12: =平均裸伤×有效攻速(发/秒)。枪口满伤、无甲、无命中折损的爆发上限，含连发。用于横向比。
A13: 期望DPS | B13: =多层期望伤害/击×有效攻速(发/秒)×命中率×距离衰减系数。最贴实战的综合评估列（含连发+甲+命中+距离）。
A14: 枪托近战 | B14: 枪托列仅远程武器填，供参考。贴脸时远程强制降级为枪托钝击(必中、无误差角, Model.cs:105 / design.md:98)。本表未把枪托单列成计算行。
A15: 未纳入 | B15: 流血/骨折/震荡/切除/0HP磨损等效果(design.md:129-144)、伤残能力惩罚、储血分级——命中之后的后续系统，非武器基础数值，本表不含。
A16: 怎么用 | B16: 只填蓝色输入列，绿色计算列自动出数。连发武器填「连发数」「连发内间隔」，单发留空即可。护甲/距离/目标尺寸在「参数区」统一调。灰色中间量可折叠。
